{"cameraMode":{"drawMode":0,"name":"Shaded","section":"Shading Mode"},"sceneLighting":true,"audioPlay":false,"sceneViewState":{"showFog":true,"showMaterialUpdate":false,"showSkybox":true,"showFlares":true,"showImageEffects":true,"showParticleSystems":true},"in2DMode":false,"pivot":{"x":86.40129089355469,"y":-105.44155883789063,"z":217.0885009765625},"rotation":{"x":-0.24719756841659547,"y":-0.1698673963546753,"z":0.04406458139419556,"w":-0.9529436826705933},"size":348.3526306152344,"orthographic":false}