{"cameraMode":{"drawMode":0,"name":"Shaded","section":"Shading Mode"},"sceneLighting":false,"audioPlay":false,"sceneViewState":{"showFog":true,"showMaterialUpdate":false,"showSkybox":false,"showFlares":true,"showImageEffects":true,"showParticleSystems":true},"in2DMode":false,"pivot":{"x":-1.2533068656921387,"y":0.8600000143051148,"z":0.36465930938720705},"rotation":{"x":-0.15627481043338777,"y":0.8381256461143494,"z":-0.31290099024772646,"w":-0.418592631816864},"size":2.8578836917877199,"orthographic":false}